﻿{"recordedSpecies":[{"speciesID":1,"timeCreation":0.0,"generationOfFirstSpecimen":0,"favorite":false,"genericName":"Basic","specificName":"bibite","description":"","template":{"version":"0.6a7","nodes":[{"Type":0,"Index":0,"Inov":1,"Desc":"Constant"},{"Type":0,"Index":1,"Inov":2,"Desc":"EnergyRatio"},{"Type":0,"Index":2,"Inov":3,"Desc":"Maturity"},{"Type":0,"Index":3,"Inov":4,"Desc":"LifeRatio"},{"Type":0,"Index":4,"Inov":5,"Desc":"Fullness"},{"Type":0,"Index":5,"Inov":6,"Desc":"Speed"},{"Type":0,"Index":6,"Inov":7,"Desc":"IsGrabbing"},{"Type":0,"Index":7,"Inov":8,"Desc":"AttackedDamage"},{"Type":0,"Index":8,"Inov":9,"Desc":"EggStored"},{"Type":0,"Index":9,"Inov":10,"Desc":"BibiteCloseness"},{"Type":0,"Index":10,"Inov":11,"Desc":"BibiteAngle"},{"Type":0,"Index":11,"Inov":12,"Desc":"NBibites"},{"Type":0,"Index":12,"Inov":13,"Desc":"PlantCloseness"},{"Type":0,"Index":13,"Inov":14,"Desc":"PlantAngle"},{"Type":0,"Index":14,"Inov":15,"Desc":"NPlants"},{"Type":0,"Index":15,"Inov":16,"Desc":"MeatCloseness"},{"Type":0,"Index":16,"Inov":17,"Desc":"MeatAngle"},{"Type":0,"Index":17,"Inov":18,"Desc":"NMeats"},{"Type":0,"Index":18,"Inov":19,"Desc":"RedBibite"},{"Type":0,"Index":19,"Inov":20,"Desc":"GreenBibite"},{"Type":0,"Index":20,"Inov":21,"Desc":"BlueBibite"},{"Type":0,"Index":21,"Inov":22,"Desc":"Tic"},{"Type":0,"Index":22,"Inov":23,"Desc":"Minute"},{"Type":0,"Index":23,"Inov":24,"Desc":"TimeAlive"},{"Type":0,"Index":24,"Inov":25,"Desc":"PheroSense1"},{"Type":0,"Index":25,"Inov":26,"Desc":"PheroSense2"},{"Type":0,"Index":26,"Inov":27,"Desc":"PheroSense3"},{"Type":0,"Index":27,"Inov":28,"Desc":"Phero1Angle"},{"Type":0,"Index":28,"Inov":29,"Desc":"Phero2Angle"},{"Type":0,"Index":29,"Inov":30,"Desc":"Phero3Angle"},{"Type":0,"Index":30,"Inov":31,"Desc":"Phero1Heading"},{"Type":0,"Index":31,"Inov":32,"Desc":"Phero2Heading"},{"Type":0,"Index":32,"Inov":33,"Desc":"Phero3Heading"},{"Type":0,"Index":33,"Inov":34,"Desc":"InfectionRate"},{"Type":3,"Index":34,"Inov":35,"Desc":"Accelerate"},{"Type":3,"Index":35,"Inov":36,"Desc":"Rotate"},{"Type":3,"Index":36,"Inov":37,"Desc":"Herding"},{"Type":3,"Index":37,"Inov":38,"Desc":"EggProduction"},{"Type":1,"Index":38,"Inov":39,"Desc":"Want2Lay"},{"Type":1,"Index":39,"Inov":40,"Desc":"Want2Eat"},{"Type":1,"Index":40,"Inov":41,"Desc":"Digestion"},{"Type":3,"Index":41,"Inov":42,"Desc":"Grab"},{"Type":1,"Index":42,"Inov":43,"Desc":"ClkReset"},{"Type":5,"Index":43,"Inov":44,"Desc":"PhereOut1"},{"Type":5,"Index":44,"Inov":45,"Desc":"PhereOut2"},{"Type":5,"Index":45,"Inov":46,"Desc":"PhereOut3"},{"Type":1,"Index":46,"Inov":47,"Desc":"Want2Grow"},{"Type":1,"Index":47,"Inov":48,"Desc":"Want2Heal"},{"Type":1,"Index":48,"Inov":49,"Desc":"Want2Attack"},{"Type":3,"Index":49,"Inov":50,"Desc":"ImmuneSystem"}],"synapses":[{"Inov":7,"NodeIn":0,"NodeOut":34,"Weight":0.4535929,"En":true},{"Inov":8,"NodeIn":0,"NodeOut":40,"Weight":-2.06689548,"En":true},{"Inov":9,"NodeIn":4,"NodeOut":40,"Weight":4.07295752,"En":true},{"Inov":10,"NodeIn":13,"NodeOut":35,"Weight":1.15925133,"En":true},{"Inov":11,"NodeIn":12,"NodeOut":34,"Weight":-0.401356,"En":true},{"Inov":12,"NodeIn":1,"NodeOut":37,"Weight":0.25,"En":true}],"genes":{"LayTime":15.0,"BroodTime":20.0,"HatchTime":10.0,"SizeRatio":1.0,"SpeedRatio":0.5,"ColorR":0.1,"ColorG":0.1,"ColorB":0.1,"Strength":10.0,"Defence":2.5,"MutationAmountSigma":0.05,"AverageMutationNumber":2.0,"BrainMutationSigma":0.1,"BrainAverageMutation":1.0,"ViewAngle":180.0,"ViewRadius":75.0,"ClockSpeed":1.0,"PheroSense":160.0,"Diet":0.2,"ImmuneSystemStrength":0.05,"HerdSeparationWeight":1.0,"HerdAlignmentWeight":1.5,"HerdCohesionWeight":1.0,"HerdVelocityWeight":0.25,"HerdSeparationDistance":35.0,"GrowthScale":0.15,"GrowthMaturityFactor":2.0,"GrowthMaturityExponent":1.0,"EyeOffset":0.5,"StomachWAG":2.0,"WombWAG":1.0,"FatWAG":1.0,"FatStorageThreshold":0.5,"FatStorageDeadband":0.25}}},{"speciesID":10,"timeCreation":50337.313434658223,"generationOfFirstSpecimen":11,"favorite":false,"genericName":"Basic","specificName":"tsavoritelus","description":"","parentID":1,"template":{"version":"0.6a7","nodes":[{"Type":0,"Index":0,"Inov":1,"Desc":"Constant"},{"Type":0,"Index":1,"Inov":2,"Desc":"EnergyRatio"},{"Type":0,"Index":2,"Inov":3,"Desc":"Maturity"},{"Type":0,"Index":3,"Inov":4,"Desc":"LifeRatio"},{"Type":0,"Index":4,"Inov":5,"Desc":"Fullness"},{"Type":0,"Index":5,"Inov":6,"Desc":"Speed"},{"Type":0,"Index":6,"Inov":7,"Desc":"IsGrabbing"},{"Type":0,"Index":7,"Inov":8,"Desc":"AttackedDamage"},{"Type":0,"Index":8,"Inov":9,"Desc":"EggStored"},{"Type":0,"Index":9,"Inov":10,"Desc":"BibiteCloseness"},{"Type":0,"Index":10,"Inov":11,"Desc":"BibiteAngle"},{"Type":0,"Index":11,"Inov":12,"Desc":"NBibites"},{"Type":0,"Index":12,"Inov":13,"Desc":"PlantCloseness"},{"Type":0,"Index":13,"Inov":14,"Desc":"PlantAngle"},{"Type":0,"Index":14,"Inov":15,"Desc":"NPlants"},{"Type":0,"Index":15,"Inov":16,"Desc":"MeatCloseness"},{"Type":0,"Index":16,"Inov":17,"Desc":"MeatAngle"},{"Type":0,"Index":17,"Inov":18,"Desc":"NMeats"},{"Type":0,"Index":18,"Inov":19,"Desc":"RedBibite"},{"Type":0,"Index":19,"Inov":20,"Desc":"GreenBibite"},{"Type":0,"Index":20,"Inov":21,"Desc":"BlueBibite"},{"Type":0,"Index":21,"Inov":22,"Desc":"Tic"},{"Type":0,"Index":22,"Inov":23,"Desc":"Minute"},{"Type":0,"Index":23,"Inov":24,"Desc":"TimeAlive"},{"Type":0,"Index":24,"Inov":25,"Desc":"PheroSense1"},{"Type":0,"Index":25,"Inov":26,"Desc":"PheroSense2"},{"Type":0,"Index":26,"Inov":27,"Desc":"PheroSense3"},{"Type":0,"Index":27,"Inov":28,"Desc":"Phero1Angle"},{"Type":0,"Index":28,"Inov":29,"Desc":"Phero2Angle"},{"Type":0,"Index":29,"Inov":30,"Desc":"Phero3Angle"},{"Type":0,"Index":30,"Inov":31,"Desc":"Phero1Heading"},{"Type":0,"Index":31,"Inov":32,"Desc":"Phero2Heading"},{"Type":0,"Index":32,"Inov":33,"Desc":"Phero3Heading"},{"Type":0,"Index":33,"Inov":34,"Desc":"InfectionRate"},{"Type":3,"Index":34,"Inov":35,"Desc":"Accelerate"},{"Type":3,"Index":35,"Inov":36,"Desc":"Rotate"},{"Type":3,"Index":36,"Inov":37,"Desc":"Herding"},{"Type":3,"Index":37,"Inov":38,"Desc":"EggProduction"},{"Type":1,"Index":38,"Inov":39,"Desc":"Want2Lay"},{"Type":1,"Index":39,"Inov":40,"Desc":"Want2Eat"},{"Type":1,"Index":40,"Inov":41,"Desc":"Digestion"},{"Type":3,"Index":41,"Inov":42,"Desc":"Grab"},{"Type":1,"Index":42,"Inov":43,"Desc":"ClkReset"},{"Type":5,"Index":43,"Inov":44,"Desc":"PhereOut1"},{"Type":5,"Index":44,"Inov":45,"Desc":"PhereOut2"},{"Type":5,"Index":45,"Inov":46,"Desc":"PhereOut3"},{"Type":1,"Index":46,"Inov":47,"Desc":"Want2Grow"},{"Type":1,"Index":47,"Inov":48,"Desc":"Want2Heal"},{"Type":1,"Index":48,"Inov":49,"Desc":"Want2Attack"},{"Type":3,"Index":49,"Inov":50,"Desc":"ImmuneSystem"},{"Type":5,"Index":50,"Inov":274,"Desc":"Hidden0"},{"Type":4,"Index":51,"Inov":713,"Desc":"Hidden1"}],"synapses":[{"Inov":7,"NodeIn":0,"NodeOut":34,"Weight":0.345371276,"En":true},{"Inov":8,"NodeIn":0,"NodeOut":40,"Weight":-2.06689548,"En":true},{"Inov":9,"NodeIn":4,"NodeOut":40,"Weight":3.891643,"En":false},{"Inov":10,"NodeIn":13,"NodeOut":35,"Weight":1.34294879,"En":true},{"Inov":12,"NodeIn":1,"NodeOut":37,"Weight":0.5946978,"En":false},{"Inov":674,"NodeIn":4,"NodeOut":50,"Weight":4.54011965,"En":true},{"Inov":675,"NodeIn":50,"NodeOut":40,"Weight":1.0,"En":true},{"Inov":1728,"NodeIn":23,"NodeOut":49,"Weight":0.8422063,"En":true},{"Inov":2075,"NodeIn":1,"NodeOut":51,"Weight":1.0,"En":true},{"Inov":2076,"NodeIn":51,"NodeOut":37,"Weight":0.5946978,"En":true}],"genes":{"LayTime":14.2060356,"BroodTime":21.1404285,"HatchTime":10.02487,"SizeRatio":1.27122545,"SpeedRatio":0.446489155,"ColorR":0.10790474,"ColorG":0.0851935148,"ColorB":0.111526139,"Strength":10.3009834,"Defence":2.5,"MutationAmountSigma":0.05,"AverageMutationNumber":1.96910727,"BrainMutationSigma":0.09205241,"BrainAverageMutation":0.906624436,"ViewAngle":156.154434,"ViewRadius":79.0952148,"ClockSpeed":0.9645573,"PheroSense":182.371719,"Diet":0.2,"ImmuneSystemStrength":0.0471376441,"HerdSeparationWeight":0.970888853,"HerdAlignmentWeight":1.5,"HerdCohesionWeight":1.0260123,"HerdVelocityWeight":0.25,"HerdSeparationDistance":39.6200638,"GrowthScale":0.15,"GrowthMaturityFactor":1.89373291,"GrowthMaturityExponent":1.18464792,"EyeOffset":0.6261863,"StomachWAG":2.0,"WombWAG":1.07634342,"FatWAG":1.036992,"FatStorageThreshold":0.419012457,"FatStorageDeadband":0.25}}},{"speciesID":8,"timeCreation":50171.489875735366,"generationOfFirstSpecimen":8,"favorite":false,"genericName":"Basic","specificName":"paramoralexus","description":"","parentID":1,"template":{"version":"0.6a7","nodes":[{"Type":0,"Index":0,"Inov":1,"Desc":"Constant"},{"Type":0,"Index":1,"Inov":2,"Desc":"EnergyRatio"},{"Type":0,"Index":2,"Inov":3,"Desc":"Maturity"},{"Type":0,"Index":3,"Inov":4,"Desc":"LifeRatio"},{"Type":0,"Index":4,"Inov":5,"Desc":"Fullness"},{"Type":0,"Index":5,"Inov":6,"Desc":"Speed"},{"Type":0,"Index":6,"Inov":7,"Desc":"IsGrabbing"},{"Type":0,"Index":7,"Inov":8,"Desc":"AttackedDamage"},{"Type":0,"Index":8,"Inov":9,"Desc":"EggStored"},{"Type":0,"Index":9,"Inov":10,"Desc":"BibiteCloseness"},{"Type":0,"Index":10,"Inov":11,"Desc":"BibiteAngle"},{"Type":0,"Index":11,"Inov":12,"Desc":"NBibites"},{"Type":0,"Index":12,"Inov":13,"Desc":"PlantCloseness"},{"Type":0,"Index":13,"Inov":14,"Desc":"PlantAngle"},{"Type":0,"Index":14,"Inov":15,"Desc":"NPlants"},{"Type":0,"Index":15,"Inov":16,"Desc":"MeatCloseness"},{"Type":0,"Index":16,"Inov":17,"Desc":"MeatAngle"},{"Type":0,"Index":17,"Inov":18,"Desc":"NMeats"},{"Type":0,"Index":18,"Inov":19,"Desc":"RedBibite"},{"Type":0,"Index":19,"Inov":20,"Desc":"GreenBibite"},{"Type":0,"Index":20,"Inov":21,"Desc":"BlueBibite"},{"Type":0,"Index":21,"Inov":22,"Desc":"Tic"},{"Type":0,"Index":22,"Inov":23,"Desc":"Minute"},{"Type":0,"Index":23,"Inov":24,"Desc":"TimeAlive"},{"Type":0,"Index":24,"Inov":25,"Desc":"PheroSense1"},{"Type":0,"Index":25,"Inov":26,"Desc":"PheroSense2"},{"Type":0,"Index":26,"Inov":27,"Desc":"PheroSense3"},{"Type":0,"Index":27,"Inov":28,"Desc":"Phero1Angle"},{"Type":0,"Index":28,"Inov":29,"Desc":"Phero2Angle"},{"Type":0,"Index":29,"Inov":30,"Desc":"Phero3Angle"},{"Type":0,"Index":30,"Inov":31,"Desc":"Phero1Heading"},{"Type":0,"Index":31,"Inov":32,"Desc":"Phero2Heading"},{"Type":0,"Index":32,"Inov":33,"Desc":"Phero3Heading"},{"Type":0,"Index":33,"Inov":34,"Desc":"InfectionRate"},{"Type":3,"Index":34,"Inov":35,"Desc":"Accelerate"},{"Type":3,"Index":35,"Inov":36,"Desc":"Rotate"},{"Type":3,"Index":36,"Inov":37,"Desc":"Herding"},{"Type":3,"Index":37,"Inov":38,"Desc":"EggProduction"},{"Type":1,"Index":38,"Inov":39,"Desc":"Want2Lay"},{"Type":1,"Index":39,"Inov":40,"Desc":"Want2Eat"},{"Type":1,"Index":40,"Inov":41,"Desc":"Digestion"},{"Type":3,"Index":41,"Inov":42,"Desc":"Grab"},{"Type":1,"Index":42,"Inov":43,"Desc":"ClkReset"},{"Type":5,"Index":43,"Inov":44,"Desc":"PhereOut1"},{"Type":5,"Index":44,"Inov":45,"Desc":"PhereOut2"},{"Type":5,"Index":45,"Inov":46,"Desc":"PhereOut3"},{"Type":1,"Index":46,"Inov":47,"Desc":"Want2Grow"},{"Type":1,"Index":47,"Inov":48,"Desc":"Want2Heal"},{"Type":1,"Index":48,"Inov":49,"Desc":"Want2Attack"},{"Type":3,"Index":49,"Inov":50,"Desc":"ImmuneSystem"},{"Type":3,"Index":50,"Inov":600,"Desc":"Hidden0"}],"synapses":[{"Inov":7,"NodeIn":0,"NodeOut":34,"Weight":0.345371276,"En":true},{"Inov":8,"NodeIn":0,"NodeOut":40,"Weight":-2.19358444,"En":true},{"Inov":9,"NodeIn":4,"NodeOut":40,"Weight":3.89774919,"En":true},{"Inov":10,"NodeIn":13,"NodeOut":35,"Weight":1.96584141,"En":true},{"Inov":12,"NodeIn":1,"NodeOut":37,"Weight":0.5946978,"En":false},{"Inov":1671,"NodeIn":30,"NodeOut":46,"Weight":1.40492821,"En":true},{"Inov":1672,"NodeIn":1,"NodeOut":50,"Weight":1.0,"En":true},{"Inov":1673,"NodeIn":50,"NodeOut":37,"Weight":0.5946978,"En":true}],"genes":{"LayTime":14.2060356,"BroodTime":21.1404285,"HatchTime":10.0,"SizeRatio":1.27122545,"SpeedRatio":0.473561436,"ColorR":0.112345569,"ColorG":0.107549526,"ColorB":0.09918776,"Strength":10.0,"Defence":2.79993415,"MutationAmountSigma":0.0453747548,"AverageMutationNumber":1.60420156,"BrainMutationSigma":0.1,"BrainAverageMutation":1.0,"ViewAngle":157.417709,"ViewRadius":75.0,"ClockSpeed":1.0,"PheroSense":163.544769,"Diet":0.18184264,"ImmuneSystemStrength":0.05,"HerdSeparationWeight":1.0,"HerdAlignmentWeight":1.5,"HerdCohesionWeight":1.0260123,"HerdVelocityWeight":0.25,"HerdSeparationDistance":39.6200638,"GrowthScale":0.16490081,"GrowthMaturityFactor":2.0,"GrowthMaturityExponent":1.0414077,"EyeOffset":0.466912121,"StomachWAG":1.96890783,"WombWAG":1.02551591,"FatWAG":1.0,"FatStorageThreshold":0.419012457,"FatStorageDeadband":0.279997438}}},{"speciesID":7,"timeCreation":46650.864800749,"generationOfFirstSpecimen":11,"favorite":false,"genericName":"Basic","specificName":"alvaradus","description":"","parentID":1,"template":{"version":"0.6a7","nodes":[{"Type":0,"Index":0,"Inov":1,"Desc":"Constant"},{"Type":0,"Index":1,"Inov":2,"Desc":"EnergyRatio"},{"Type":0,"Index":2,"Inov":3,"Desc":"Maturity"},{"Type":0,"Index":3,"Inov":4,"Desc":"LifeRatio"},{"Type":0,"Index":4,"Inov":5,"Desc":"Fullness"},{"Type":0,"Index":5,"Inov":6,"Desc":"Speed"},{"Type":0,"Index":6,"Inov":7,"Desc":"IsGrabbing"},{"Type":0,"Index":7,"Inov":8,"Desc":"AttackedDamage"},{"Type":0,"Index":8,"Inov":9,"Desc":"EggStored"},{"Type":0,"Index":9,"Inov":10,"Desc":"BibiteCloseness"},{"Type":0,"Index":10,"Inov":11,"Desc":"BibiteAngle"},{"Type":0,"Index":11,"Inov":12,"Desc":"NBibites"},{"Type":0,"Index":12,"Inov":13,"Desc":"PlantCloseness"},{"Type":0,"Index":13,"Inov":14,"Desc":"PlantAngle"},{"Type":0,"Index":14,"Inov":15,"Desc":"NPlants"},{"Type":0,"Index":15,"Inov":16,"Desc":"MeatCloseness"},{"Type":0,"Index":16,"Inov":17,"Desc":"MeatAngle"},{"Type":0,"Index":17,"Inov":18,"Desc":"NMeats"},{"Type":0,"Index":18,"Inov":19,"Desc":"RedBibite"},{"Type":0,"Index":19,"Inov":20,"Desc":"GreenBibite"},{"Type":0,"Index":20,"Inov":21,"Desc":"BlueBibite"},{"Type":0,"Index":21,"Inov":22,"Desc":"Tic"},{"Type":0,"Index":22,"Inov":23,"Desc":"Minute"},{"Type":0,"Index":23,"Inov":24,"Desc":"TimeAlive"},{"Type":0,"Index":24,"Inov":25,"Desc":"PheroSense1"},{"Type":0,"Index":25,"Inov":26,"Desc":"PheroSense2"},{"Type":0,"Index":26,"Inov":27,"Desc":"PheroSense3"},{"Type":0,"Index":27,"Inov":28,"Desc":"Phero1Angle"},{"Type":0,"Index":28,"Inov":29,"Desc":"Phero2Angle"},{"Type":0,"Index":29,"Inov":30,"Desc":"Phero3Angle"},{"Type":0,"Index":30,"Inov":31,"Desc":"Phero1Heading"},{"Type":0,"Index":31,"Inov":32,"Desc":"Phero2Heading"},{"Type":0,"Index":32,"Inov":33,"Desc":"Phero3Heading"},{"Type":0,"Index":33,"Inov":34,"Desc":"InfectionRate"},{"Type":3,"Index":34,"Inov":35,"Desc":"Accelerate"},{"Type":3,"Index":35,"Inov":36,"Desc":"Rotate"},{"Type":3,"Index":36,"Inov":37,"Desc":"Herding"},{"Type":3,"Index":37,"Inov":38,"Desc":"EggProduction"},{"Type":1,"Index":38,"Inov":39,"Desc":"Want2Lay"},{"Type":1,"Index":39,"Inov":40,"Desc":"Want2Eat"},{"Type":1,"Index":40,"Inov":41,"Desc":"Digestion"},{"Type":3,"Index":41,"Inov":42,"Desc":"Grab"},{"Type":1,"Index":42,"Inov":43,"Desc":"ClkReset"},{"Type":5,"Index":43,"Inov":44,"Desc":"PhereOut1"},{"Type":5,"Index":44,"Inov":45,"Desc":"PhereOut2"},{"Type":5,"Index":45,"Inov":46,"Desc":"PhereOut3"},{"Type":1,"Index":46,"Inov":47,"Desc":"Want2Grow"},{"Type":1,"Index":47,"Inov":48,"Desc":"Want2Heal"},{"Type":1,"Index":48,"Inov":49,"Desc":"Want2Attack"},{"Type":3,"Index":49,"Inov":50,"Desc":"ImmuneSystem"},{"Type":4,"Index":50,"Inov":495,"Desc":"Hidden0"}],"synapses":[{"Inov":7,"NodeIn":0,"NodeOut":34,"Weight":0.299913377,"En":true},{"Inov":9,"NodeIn":4,"NodeOut":40,"Weight":4.07295752,"En":true},{"Inov":10,"NodeIn":13,"NodeOut":35,"Weight":-1.15925133,"En":true},{"Inov":12,"NodeIn":1,"NodeOut":37,"Weight":0.812994,"En":false},{"Inov":1353,"NodeIn":1,"NodeOut":50,"Weight":1.0,"En":true},{"Inov":1354,"NodeIn":50,"NodeOut":37,"Weight":0.346855164,"En":true}],"genes":{"LayTime":13.9980488,"BroodTime":21.1404285,"HatchTime":10.6826773,"SizeRatio":1.21571517,"SpeedRatio":0.5,"ColorR":0.08136034,"ColorG":0.09265818,"ColorB":0.115294352,"Strength":10.0,"Defence":2.363005,"MutationAmountSigma":0.0415329039,"AverageMutationNumber":2.05349779,"BrainMutationSigma":0.0963473246,"BrainAverageMutation":1.0,"ViewAngle":151.177078,"ViewRadius":68.7362,"ClockSpeed":1.0095849,"PheroSense":160.0,"Diet":0.2,"ImmuneSystemStrength":0.05,"HerdSeparationWeight":0.996474,"HerdAlignmentWeight":1.51864493,"HerdCohesionWeight":0.9575534,"HerdVelocityWeight":0.272976369,"HerdSeparationDistance":38.387043,"GrowthScale":0.15,"GrowthMaturityFactor":2.0,"GrowthMaturityExponent":1.0414077,"EyeOffset":0.4095453,"StomachWAG":2.0,"WombWAG":1.02551591,"FatWAG":0.84286207,"FatStorageThreshold":0.421264738,"FatStorageDeadband":0.25}}},{"speciesID":5,"timeCreation":44969.07974257099,"generationOfFirstSpecimen":11,"favorite":false,"genericName":"Basic","specificName":"gurdius","description":"","parentID":1,"template":{"version":"0.6a7","nodes":[{"Type":0,"Index":0,"Inov":1,"Desc":"Constant"},{"Type":0,"Index":1,"Inov":2,"Desc":"EnergyRatio"},{"Type":0,"Index":2,"Inov":3,"Desc":"Maturity"},{"Type":0,"Index":3,"Inov":4,"Desc":"LifeRatio"},{"Type":0,"Index":4,"Inov":5,"Desc":"Fullness"},{"Type":0,"Index":5,"Inov":6,"Desc":"Speed"},{"Type":0,"Index":6,"Inov":7,"Desc":"IsGrabbing"},{"Type":0,"Index":7,"Inov":8,"Desc":"AttackedDamage"},{"Type":0,"Index":8,"Inov":9,"Desc":"EggStored"},{"Type":0,"Index":9,"Inov":10,"Desc":"BibiteCloseness"},{"Type":0,"Index":10,"Inov":11,"Desc":"BibiteAngle"},{"Type":0,"Index":11,"Inov":12,"Desc":"NBibites"},{"Type":0,"Index":12,"Inov":13,"Desc":"PlantCloseness"},{"Type":0,"Index":13,"Inov":14,"Desc":"PlantAngle"},{"Type":0,"Index":14,"Inov":15,"Desc":"NPlants"},{"Type":0,"Index":15,"Inov":16,"Desc":"MeatCloseness"},{"Type":0,"Index":16,"Inov":17,"Desc":"MeatAngle"},{"Type":0,"Index":17,"Inov":18,"Desc":"NMeats"},{"Type":0,"Index":18,"Inov":19,"Desc":"RedBibite"},{"Type":0,"Index":19,"Inov":20,"Desc":"GreenBibite"},{"Type":0,"Index":20,"Inov":21,"Desc":"BlueBibite"},{"Type":0,"Index":21,"Inov":22,"Desc":"Tic"},{"Type":0,"Index":22,"Inov":23,"Desc":"Minute"},{"Type":0,"Index":23,"Inov":24,"Desc":"TimeAlive"},{"Type":0,"Index":24,"Inov":25,"Desc":"PheroSense1"},{"Type":0,"Index":25,"Inov":26,"Desc":"PheroSense2"},{"Type":0,"Index":26,"Inov":27,"Desc":"PheroSense3"},{"Type":0,"Index":27,"Inov":28,"Desc":"Phero1Angle"},{"Type":0,"Index":28,"Inov":29,"Desc":"Phero2Angle"},{"Type":0,"Index":29,"Inov":30,"Desc":"Phero3Angle"},{"Type":0,"Index":30,"Inov":31,"Desc":"Phero1Heading"},{"Type":0,"Index":31,"Inov":32,"Desc":"Phero2Heading"},{"Type":0,"Index":32,"Inov":33,"Desc":"Phero3Heading"},{"Type":0,"Index":33,"Inov":34,"Desc":"InfectionRate"},{"Type":3,"Index":34,"Inov":35,"Desc":"Accelerate"},{"Type":3,"Index":35,"Inov":36,"Desc":"Rotate"},{"Type":3,"Index":36,"Inov":37,"Desc":"Herding"},{"Type":3,"Index":37,"Inov":38,"Desc":"EggProduction"},{"Type":1,"Index":38,"Inov":39,"Desc":"Want2Lay"},{"Type":1,"Index":39,"Inov":40,"Desc":"Want2Eat"},{"Type":1,"Index":40,"Inov":41,"Desc":"Digestion"},{"Type":3,"Index":41,"Inov":42,"Desc":"Grab"},{"Type":1,"Index":42,"Inov":43,"Desc":"ClkReset"},{"Type":5,"Index":43,"Inov":44,"Desc":"PhereOut1"},{"Type":5,"Index":44,"Inov":45,"Desc":"PhereOut2"},{"Type":5,"Index":45,"Inov":46,"Desc":"PhereOut3"},{"Type":1,"Index":46,"Inov":47,"Desc":"Want2Grow"},{"Type":1,"Index":47,"Inov":48,"Desc":"Want2Heal"},{"Type":1,"Index":48,"Inov":49,"Desc":"Want2Attack"},{"Type":3,"Index":49,"Inov":50,"Desc":"ImmuneSystem"},{"Type":5,"Index":50,"Inov":274,"Desc":"Hidden0"},{"Type":3,"Index":51,"Inov":667,"Desc":"Hidden1"}],"synapses":[{"Inov":7,"NodeIn":0,"NodeOut":34,"Weight":0.345371276,"En":false},{"Inov":9,"NodeIn":4,"NodeOut":40,"Weight":2.98723555,"En":false},{"Inov":10,"NodeIn":13,"NodeOut":35,"Weight":1.34294879,"En":true},{"Inov":12,"NodeIn":1,"NodeOut":37,"Weight":0.5946978,"En":true},{"Inov":674,"NodeIn":4,"NodeOut":50,"Weight":3.33073163,"En":true},{"Inov":675,"NodeIn":50,"NodeOut":40,"Weight":1.06168354,"En":true},{"Inov":1912,"NodeIn":0,"NodeOut":51,"Weight":1.0,"En":true},{"Inov":1913,"NodeIn":51,"NodeOut":34,"Weight":0.345371276,"En":true}],"genes":{"LayTime":13.3360834,"BroodTime":21.39822,"HatchTime":9.246791,"SizeRatio":1.27122545,"SpeedRatio":0.446489155,"ColorR":0.110376373,"ColorG":0.0820447654,"ColorB":0.09054456,"Strength":10.2585526,"Defence":2.5,"MutationAmountSigma":0.05,"AverageMutationNumber":2.22797823,"BrainMutationSigma":0.114583679,"BrainAverageMutation":1.0,"ViewAngle":185.212463,"ViewRadius":79.0952148,"ClockSpeed":0.984974,"PheroSense":170.848831,"Diet":0.2,"ImmuneSystemStrength":0.05,"HerdSeparationWeight":1.0,"HerdAlignmentWeight":1.5,"HerdCohesionWeight":1.0260123,"HerdVelocityWeight":0.25,"HerdSeparationDistance":31.53267,"GrowthScale":0.15,"GrowthMaturityFactor":1.89373291,"GrowthMaturityExponent":1.18464792,"EyeOffset":0.5,"StomachWAG":1.84350383,"WombWAG":0.985865533,"FatWAG":1.036992,"FatStorageThreshold":0.4492807,"FatStorageDeadband":0.25010854}}},{"speciesID":3,"timeCreation":39564.515661066165,"generationOfFirstSpecimen":10,"favorite":false,"genericName":"Basic","specificName":"daphainius","description":"","parentID":1,"template":{"version":"0.6a7","nodes":[{"Type":0,"Index":0,"Inov":1,"Desc":"Constant"},{"Type":0,"Index":1,"Inov":2,"Desc":"EnergyRatio"},{"Type":0,"Index":2,"Inov":3,"Desc":"Maturity"},{"Type":0,"Index":3,"Inov":4,"Desc":"LifeRatio"},{"Type":0,"Index":4,"Inov":5,"Desc":"Fullness"},{"Type":0,"Index":5,"Inov":6,"Desc":"Speed"},{"Type":0,"Index":6,"Inov":7,"Desc":"IsGrabbing"},{"Type":0,"Index":7,"Inov":8,"Desc":"AttackedDamage"},{"Type":0,"Index":8,"Inov":9,"Desc":"EggStored"},{"Type":0,"Index":9,"Inov":10,"Desc":"BibiteCloseness"},{"Type":0,"Index":10,"Inov":11,"Desc":"BibiteAngle"},{"Type":0,"Index":11,"Inov":12,"Desc":"NBibites"},{"Type":0,"Index":12,"Inov":13,"Desc":"PlantCloseness"},{"Type":0,"Index":13,"Inov":14,"Desc":"PlantAngle"},{"Type":0,"Index":14,"Inov":15,"Desc":"NPlants"},{"Type":0,"Index":15,"Inov":16,"Desc":"MeatCloseness"},{"Type":0,"Index":16,"Inov":17,"Desc":"MeatAngle"},{"Type":0,"Index":17,"Inov":18,"Desc":"NMeats"},{"Type":0,"Index":18,"Inov":19,"Desc":"RedBibite"},{"Type":0,"Index":19,"Inov":20,"Desc":"GreenBibite"},{"Type":0,"Index":20,"Inov":21,"Desc":"BlueBibite"},{"Type":0,"Index":21,"Inov":22,"Desc":"Tic"},{"Type":0,"Index":22,"Inov":23,"Desc":"Minute"},{"Type":0,"Index":23,"Inov":24,"Desc":"TimeAlive"},{"Type":0,"Index":24,"Inov":25,"Desc":"PheroSense1"},{"Type":0,"Index":25,"Inov":26,"Desc":"PheroSense2"},{"Type":0,"Index":26,"Inov":27,"Desc":"PheroSense3"},{"Type":0,"Index":27,"Inov":28,"Desc":"Phero1Angle"},{"Type":0,"Index":28,"Inov":29,"Desc":"Phero2Angle"},{"Type":0,"Index":29,"Inov":30,"Desc":"Phero3Angle"},{"Type":0,"Index":30,"Inov":31,"Desc":"Phero1Heading"},{"Type":0,"Index":31,"Inov":32,"Desc":"Phero2Heading"},{"Type":0,"Index":32,"Inov":33,"Desc":"Phero3Heading"},{"Type":0,"Index":33,"Inov":34,"Desc":"InfectionRate"},{"Type":3,"Index":34,"Inov":35,"Desc":"Accelerate"},{"Type":3,"Index":35,"Inov":36,"Desc":"Rotate"},{"Type":3,"Index":36,"Inov":37,"Desc":"Herding"},{"Type":3,"Index":37,"Inov":38,"Desc":"EggProduction"},{"Type":1,"Index":38,"Inov":39,"Desc":"Want2Lay"},{"Type":1,"Index":39,"Inov":40,"Desc":"Want2Eat"},{"Type":1,"Index":40,"Inov":41,"Desc":"Digestion"},{"Type":3,"Index":41,"Inov":42,"Desc":"Grab"},{"Type":1,"Index":42,"Inov":43,"Desc":"ClkReset"},{"Type":5,"Index":43,"Inov":44,"Desc":"PhereOut1"},{"Type":5,"Index":44,"Inov":45,"Desc":"PhereOut2"},{"Type":5,"Index":45,"Inov":46,"Desc":"PhereOut3"},{"Type":1,"Index":46,"Inov":47,"Desc":"Want2Grow"},{"Type":1,"Index":47,"Inov":48,"Desc":"Want2Heal"},{"Type":1,"Index":48,"Inov":49,"Desc":"Want2Attack"},{"Type":3,"Index":49,"Inov":50,"Desc":"ImmuneSystem"}],"synapses":[{"Inov":7,"NodeIn":0,"NodeOut":34,"Weight":0.475367635,"En":true},{"Inov":8,"NodeIn":0,"NodeOut":40,"Weight":-1.87365806,"En":true},{"Inov":9,"NodeIn":4,"NodeOut":40,"Weight":4.07295752,"En":false},{"Inov":10,"NodeIn":13,"NodeOut":35,"Weight":1.33289468,"En":true},{"Inov":12,"NodeIn":1,"NodeOut":37,"Weight":0.6883426,"En":true},{"Inov":1549,"NodeIn":9,"NodeOut":39,"Weight":1.17771339,"En":true},{"Inov":1550,"NodeIn":32,"NodeOut":35,"Weight":-1.83179855,"En":true}],"genes":{"LayTime":14.01156,"BroodTime":21.1404285,"HatchTime":8.092795,"SizeRatio":1.3439703,"SpeedRatio":0.4480792,"ColorR":0.15567176,"ColorG":0.109724469,"ColorB":0.108502626,"Strength":10.8275013,"Defence":2.5,"MutationAmountSigma":0.05,"AverageMutationNumber":2.00901461,"BrainMutationSigma":0.1,"BrainAverageMutation":1.0,"ViewAngle":178.204361,"ViewRadius":79.0952148,"ClockSpeed":0.8455505,"PheroSense":171.737442,"Diet":0.211048782,"ImmuneSystemStrength":0.05,"HerdSeparationWeight":0.8872702,"HerdAlignmentWeight":1.68631732,"HerdCohesionWeight":1.18840015,"HerdVelocityWeight":0.25,"HerdSeparationDistance":39.6200638,"GrowthScale":0.157342866,"GrowthMaturityFactor":1.70421517,"GrowthMaturityExponent":1.0533061,"EyeOffset":0.5,"StomachWAG":2.40274215,"WombWAG":1.07634342,"FatWAG":1.12057769,"FatStorageThreshold":0.341673374,"FatStorageDeadband":0.25}}},{"speciesID":2,"timeCreation":39505.27851510956,"generationOfFirstSpecimen":10,"favorite":false,"genericName":"Basic","specificName":"starkieandreas","description":"","parentID":1,"template":{"version":"0.6a7","nodes":[{"Type":0,"Index":0,"Inov":1,"Desc":"Constant"},{"Type":0,"Index":1,"Inov":2,"Desc":"EnergyRatio"},{"Type":0,"Index":2,"Inov":3,"Desc":"Maturity"},{"Type":0,"Index":3,"Inov":4,"Desc":"LifeRatio"},{"Type":0,"Index":4,"Inov":5,"Desc":"Fullness"},{"Type":0,"Index":5,"Inov":6,"Desc":"Speed"},{"Type":0,"Index":6,"Inov":7,"Desc":"IsGrabbing"},{"Type":0,"Index":7,"Inov":8,"Desc":"AttackedDamage"},{"Type":0,"Index":8,"Inov":9,"Desc":"EggStored"},{"Type":0,"Index":9,"Inov":10,"Desc":"BibiteCloseness"},{"Type":0,"Index":10,"Inov":11,"Desc":"BibiteAngle"},{"Type":0,"Index":11,"Inov":12,"Desc":"NBibites"},{"Type":0,"Index":12,"Inov":13,"Desc":"PlantCloseness"},{"Type":0,"Index":13,"Inov":14,"Desc":"PlantAngle"},{"Type":0,"Index":14,"Inov":15,"Desc":"NPlants"},{"Type":0,"Index":15,"Inov":16,"Desc":"MeatCloseness"},{"Type":0,"Index":16,"Inov":17,"Desc":"MeatAngle"},{"Type":0,"Index":17,"Inov":18,"Desc":"NMeats"},{"Type":0,"Index":18,"Inov":19,"Desc":"RedBibite"},{"Type":0,"Index":19,"Inov":20,"Desc":"GreenBibite"},{"Type":0,"Index":20,"Inov":21,"Desc":"BlueBibite"},{"Type":0,"Index":21,"Inov":22,"Desc":"Tic"},{"Type":0,"Index":22,"Inov":23,"Desc":"Minute"},{"Type":0,"Index":23,"Inov":24,"Desc":"TimeAlive"},{"Type":0,"Index":24,"Inov":25,"Desc":"PheroSense1"},{"Type":0,"Index":25,"Inov":26,"Desc":"PheroSense2"},{"Type":0,"Index":26,"Inov":27,"Desc":"PheroSense3"},{"Type":0,"Index":27,"Inov":28,"Desc":"Phero1Angle"},{"Type":0,"Index":28,"Inov":29,"Desc":"Phero2Angle"},{"Type":0,"Index":29,"Inov":30,"Desc":"Phero3Angle"},{"Type":0,"Index":30,"Inov":31,"Desc":"Phero1Heading"},{"Type":0,"Index":31,"Inov":32,"Desc":"Phero2Heading"},{"Type":0,"Index":32,"Inov":33,"Desc":"Phero3Heading"},{"Type":0,"Index":33,"Inov":34,"Desc":"InfectionRate"},{"Type":3,"Index":34,"Inov":35,"Desc":"Accelerate"},{"Type":3,"Index":35,"Inov":36,"Desc":"Rotate"},{"Type":3,"Index":36,"Inov":37,"Desc":"Herding"},{"Type":3,"Index":37,"Inov":38,"Desc":"EggProduction"},{"Type":1,"Index":38,"Inov":39,"Desc":"Want2Lay"},{"Type":1,"Index":39,"Inov":40,"Desc":"Want2Eat"},{"Type":1,"Index":40,"Inov":41,"Desc":"Digestion"},{"Type":3,"Index":41,"Inov":42,"Desc":"Grab"},{"Type":1,"Index":42,"Inov":43,"Desc":"ClkReset"},{"Type":5,"Index":43,"Inov":44,"Desc":"PhereOut1"},{"Type":5,"Index":44,"Inov":45,"Desc":"PhereOut2"},{"Type":5,"Index":45,"Inov":46,"Desc":"PhereOut3"},{"Type":1,"Index":46,"Inov":47,"Desc":"Want2Grow"},{"Type":1,"Index":47,"Inov":48,"Desc":"Want2Heal"},{"Type":1,"Index":48,"Inov":49,"Desc":"Want2Attack"},{"Type":3,"Index":49,"Inov":50,"Desc":"ImmuneSystem"},{"Type":5,"Index":50,"Inov":274,"Desc":"Hidden0"}],"synapses":[{"Inov":7,"NodeIn":0,"NodeOut":34,"Weight":0.475367635,"En":true},{"Inov":8,"NodeIn":0,"NodeOut":40,"Weight":-1.87365806,"En":true},{"Inov":9,"NodeIn":4,"NodeOut":40,"Weight":4.07295752,"En":false},{"Inov":10,"NodeIn":13,"NodeOut":35,"Weight":1.33289468,"En":true},{"Inov":12,"NodeIn":1,"NodeOut":37,"Weight":0.6883426,"En":true},{"Inov":674,"NodeIn":4,"NodeOut":50,"Weight":4.07295752,"En":true},{"Inov":675,"NodeIn":50,"NodeOut":40,"Weight":1.0,"En":true},{"Inov":1549,"NodeIn":9,"NodeOut":39,"Weight":1.17771339,"En":true},{"Inov":1550,"NodeIn":32,"NodeOut":35,"Weight":-1.67615533,"En":true}],"genes":{"LayTime":15.9691229,"BroodTime":21.1404285,"HatchTime":8.092795,"SizeRatio":1.3439703,"SpeedRatio":0.446489155,"ColorR":0.149973691,"ColorG":0.109483458,"ColorB":0.113332637,"Strength":10.4805679,"Defence":2.5,"MutationAmountSigma":0.05,"AverageMutationNumber":2.00901461,"BrainMutationSigma":0.1,"BrainAverageMutation":1.0,"ViewAngle":178.3093,"ViewRadius":79.0952148,"ClockSpeed":0.8455505,"PheroSense":171.737442,"Diet":0.221881181,"ImmuneSystemStrength":0.05,"HerdSeparationWeight":1.0,"HerdAlignmentWeight":1.68631732,"HerdCohesionWeight":1.18840015,"HerdVelocityWeight":0.25,"HerdSeparationDistance":39.6200638,"GrowthScale":0.157342866,"GrowthMaturityFactor":1.70421517,"GrowthMaturityExponent":1.0533061,"EyeOffset":0.5572316,"StomachWAG":2.40274215,"WombWAG":1.02645838,"FatWAG":1.12057769,"FatStorageThreshold":0.38061595,"FatStorageDeadband":0.258534938}}}],"speciesData":{"data":[[{"species":3,"energy":43039.6641,"count":74}],[{"species":3,"energy":43233.71,"count":74}],[{"species":3,"energy":42423.92,"count":75}],[{"species":3,"energy":42607.9258,"count":76}],[{"species":3,"energy":42912.5234,"count":75}],[{"species":3,"energy":42496.707,"count":76}],[{"species":3,"energy":43797.5273,"count":78}],[{"species":3,"energy":43142.12,"count":80}],[{"species":3,"energy":41350.96,"count":76}],[{"species":3,"energy":42312.46,"count":79}],[{"species":3,"energy":43473.375,"count":80}],[{"species":3,"energy":44118.18,"count":78}],[{"species":3,"energy":43567.1445,"count":80}],[{"species":3,"energy":44691.0078,"count":75}],[{"species":3,"energy":45489.6133,"count":78}],[{"species":3,"energy":44578.3164,"count":71}],[{"species":3,"energy":44167.0625,"count":74}],[{"species":3,"energy":45400.0273,"count":77}],[{"species":3,"energy":45182.3,"count":75}],[{"species":3,"energy":44945.9453,"count":73}],[{"species":3,"energy":44417.3828,"count":76}],[{"species":3,"energy":45545.0273,"count":78}],[{"species":3,"energy":45209.21,"count":79}],[{"species":3,"energy":46743.5,"count":86}],[{"species":3,"energy":47727.0977,"count":82}],[{"species":3,"energy":48926.375,"count":83}],[{"species":3,"energy":50293.457,"count":86}],[{"species":3,"energy":50069.0234,"count":90}],[{"species":3,"energy":49511.6172,"count":89}],[{"species":3,"energy":49687.32,"count":89}],[{"species":3,"energy":49741.957,"count":90}],[{"species":3,"energy":50256.18,"count":88}],[{"species":3,"energy":47378.69,"count":78}],[{"species":3,"energy":46953.6,"count":79}],[{"species":1,"energy":1732.1731,"count":1},{"species":3,"energy":45845.9453,"count":77}],[{"species":1,"energy":2126.33521,"count":1},{"species":3,"energy":44406.582,"count":73}],[{"species":1,"energy":2343.68921,"count":1},{"species":3,"energy":46083.2656,"count":81}],[{"species":1,"energy":2266.00366,"count":1},{"species":3,"energy":45017.6133,"count":75}],[{"species":1,"energy":2092.13086,"count":1},{"species":3,"energy":46260.3047,"count":80}],[{"species":1,"energy":2124.527,"count":1},{"species":3,"energy":46211.53,"count":75}],[{"species":1,"energy":2241.844,"count":1},{"species":3,"energy":47537.16,"count":79}],[{"species":1,"energy":2173.48682,"count":1},{"species":3,"energy":48352.19,"count":92}],[{"species":1,"energy":2446.14282,"count":2},{"species":3,"energy":50526.02,"count":89}],[{"species":1,"energy":2166.28442,"count":1},{"species":3,"energy":55024.28,"count":90}],[{"species":1,"energy":1927.85193,"count":1},{"species":3,"energy":56380.4258,"count":95}],[{"species":1,"energy":2036.33716,"count":1},{"species":3,"energy":55281.0156,"count":91}],[{"species":1,"energy":2237.976,"count":1},{"species":3,"energy":55164.81,"count":97}],[{"species":1,"energy":2434.44385,"count":1},{"species":3,"energy":56022.55,"count":94}],[{"species":1,"energy":2282.61377,"count":1},{"species":3,"energy":55213.8,"count":95}],[{"species":1,"energy":2274.92383,"count":1},{"species":3,"energy":56660.5273,"count":94}],[{"species":1,"energy":2248.46558,"count":2},{"species":3,"energy":57067.7227,"count":103}],[{"species":1,"energy":2297.33032,"count":1},{"species":3,"energy":60002.2,"count":109}],[{"species":1,"energy":2322.56372,"count":1},{"species":3,"energy":60193.0742,"count":112}],[{"species":1,"energy":2227.37256,"count":1},{"species":3,"energy":58812.5625,"count":106}],[{"species":1,"energy":1994.33557,"count":1},{"species":3,"energy":60092.1836,"count":110}],[{"species":1,"energy":2076.57251,"count":1},{"species":3,"energy":60537.2,"count":111}],[{"species":1,"energy":2213.03687,"count":1},{"species":3,"energy":61098.5156,"count":103}],[{"species":1,"energy":2267.136,"count":2},{"species":3,"energy":59336.6172,"count":102}],[{"species":1,"energy":2069.06958,"count":1},{"species":3,"energy":58014.5742,"count":104}],[{"species":1,"energy":2218.122,"count":1},{"species":3,"energy":56700.3,"count":102}],[{"species":1,"energy":2055.8833,"count":1},{"species":3,"energy":57174.9766,"count":105}],[{"species":1,"energy":2088.843,"count":1},{"species":3,"energy":54428.6836,"count":92}],[{"species":1,"energy":2038.37561,"count":1},{"species":3,"energy":59527.1,"count":107}],[{"species":1,"energy":2001.26062,"count":1},{"species":3,"energy":60079.2422,"count":109}],[{"species":1,"energy":2420.105,"count":2},{"species":3,"energy":56014.23,"count":101}],[{"species":1,"energy":2789.47266,"count":3},{"species":3,"energy":50473.28,"count":83}],[{"species":1,"energy":2770.72852,"count":3},{"species":3,"energy":49875.0547,"count":90}],[{"species":1,"energy":2805.67432,"count":4},{"species":3,"energy":49004.25,"count":85}],[{"species":1,"energy":3503.97656,"count":6},{"species":3,"energy":47963.6836,"count":88}],[{"species":1,"energy":3195.5144,"count":5},{"species":3,"energy":48057.25,"count":86}],[{"species":1,"energy":2452.21875,"count":3},{"species":3,"energy":50772.2031,"count":87}],[{"species":1,"energy":2244.52,"count":2},{"species":3,"energy":51010.62,"count":91}],[{"species":1,"energy":2370.61914,"count":2},{"species":3,"energy":46611.9648,"count":85}],[{"species":1,"energy":2317.82227,"count":3},{"species":3,"energy":47814.42,"count":92}],[{"species":1,"energy":3925.02271,"count":3},{"species":3,"energy":48750.6133,"count":91}],[{"species":1,"energy":3719.227,"count":3},{"species":3,"energy":48160.38,"count":95}],[{"species":1,"energy":4748.90234,"count":5},{"species":3,"energy":45812.78,"count":91}],[{"species":1,"energy":5571.293,"count":6},{"species":8,"energy":308.678864,"count":1},{"species":3,"energy":48264.7734,"count":90}],[{"species":1,"energy":5268.387,"count":6},{"species":8,"energy":195.534851,"count":1},{"species":3,"energy":44622.6758,"count":86}],[{"species":1,"energy":4984.328,"count":6},{"species":8,"energy":1025.36145,"count":2},{"species":3,"energy":41566.668,"count":78}],[{"species":1,"energy":4478.49854,"count":4},{"species":8,"energy":2451.369,"count":4},{"species":3,"energy":42421.2266,"count":80}],[{"species":1,"energy":4572.58252,"count":5},{"species":8,"energy":2689.54541,"count":6},{"species":3,"energy":44087.23,"count":83}],[{"species":1,"energy":4028.71338,"count":3},{"species":8,"energy":1698.85217,"count":3},{"species":3,"energy":41245.082,"count":80}],[{"species":1,"energy":4827.48145,"count":4},{"species":8,"energy":2364.1853,"count":5},{"species":3,"energy":45884.2,"count":91}],[{"species":1,"energy":5751.818,"count":6},{"species":8,"energy":2703.42236,"count":6},{"species":3,"energy":46453.56,"count":92}],[{"species":1,"energy":6573.347,"count":7},{"species":8,"energy":1923.50415,"count":3},{"species":3,"energy":44659.8164,"count":98}],[{"species":1,"energy":6614.273,"count":8},{"species":8,"energy":2258.19238,"count":5},{"species":3,"energy":43295.6328,"count":89}],[{"species":1,"energy":7456.028,"count":10},{"species":8,"energy":2669.8645,"count":6},{"species":3,"energy":45008.5039,"count":87}],[{"species":1,"energy":7456.35449,"count":9},{"species":8,"energy":1955.69031,"count":4},{"species":3,"energy":45074.9258,"count":92}],[{"species":1,"energy":7485.31,"count":9},{"species":8,"energy":1718.91016,"count":3},{"species":3,"energy":47059.293,"count":97}],[{"species":1,"energy":7837.75049,"count":10},{"species":8,"energy":2089.729,"count":5},{"species":3,"energy":47496.4961,"count":104}],[{"species":1,"energy":8353.617,"count":13},{"species":8,"energy":1920.406,"count":5},{"species":3,"energy":43181.3867,"count":95}],[{"species":1,"energy":9173.596,"count":18},{"species":8,"energy":1570.15881,"count":4},{"species":3,"energy":41143.9727,"count":83}],[{"species":1,"energy":11243.3418,"count":21},{"species":8,"energy":1953.16418,"count":5},{"species":3,"energy":39448.9844,"count":80}],[{"species":1,"energy":12455.5088,"count":22},{"species":8,"energy":2495.95,"count":5},{"species":3,"energy":41855.81,"count":88}],[{"species":1,"energy":19311.8945,"count":42},{"species":8,"energy":1080.57788,"count":2},{"species":3,"energy":35058.3828,"count":80}],[{"species":1,"energy":23521.9219,"count":48},{"species":8,"energy":695.4579,"count":3},{"species":3,"energy":22715.5371,"count":51}],[{"species":1,"energy":31687.2656,"count":70},{"species":10,"energy":159.704,"count":1},{"species":8,"energy":536.462036,"count":3},{"species":3,"energy":15190.3994,"count":33}],[{"species":1,"energy":36745.125,"count":91},{"species":3,"energy":8043.333,"count":19}],[{"species":1,"energy":35246.793,"count":85},{"species":7,"energy":129.616745,"count":1},{"species":3,"energy":7109.497,"count":16}],[{"species":1,"energy":35966.6328,"count":88},{"species":3,"energy":4867.85254,"count":10}],[{"species":1,"energy":40086.6953,"count":93},{"species":3,"energy":2867.48657,"count":8}],[{"species":1,"energy":41015.62,"count":107},{"species":3,"energy":654.6893,"count":1}],[{"species":1,"energy":38905.24,"count":95},{"species":3,"energy":108.439049,"count":1}],[{"species":1,"energy":39982.81,"count":102}],[{"species":1,"energy":40395.2773,"count":95}],[{"species":1,"energy":51196.52,"count":122}],[{"species":1,"energy":46001.5938,"count":114}],[{"species":1,"energy":43783.65,"count":111}],[{"species":1,"energy":39784.86,"count":110}],[{"species":1,"energy":38363.3125,"count":107}],[{"species":1,"energy":37135.54,"count":105}],[{"species":1,"energy":42269.69,"count":124}],[{"species":1,"energy":43137.8477,"count":125}],[{"species":1,"energy":41434.4961,"count":127}],[{"species":1,"energy":41402.91,"count":133}],[{"species":1,"energy":37579.22,"count":111}],[{"species":1,"energy":34219.9844,"count":113}],[{"species":1,"energy":26656.5547,"count":80}],[{"species":1,"energy":29928.709,"count":97}],[{"species":1,"energy":28035.2813,"count":97}],[{"species":1,"energy":23047.8574,"count":70}],[{"species":1,"energy":26292.082,"count":80}],[{"species":1,"energy":24528.5449,"count":77}],[{"species":1,"energy":14068.917,"count":48}],[]],"cnts":[30,28,34,31,0,0,0,0,0,0,0]},"progress":5.043145,"logCounter":19,"usedSpanText":{},"activeSpeciesList":[3],"nodeMaxInnovation":946,"connectionMaxInnovation":2929,"nextSpeciesID":18}